"","...1","MGG428","MGG437","MGG480","MGG502","MGG503","MGG504","MGG534","MGG600","MGG605","MGG613","MGG615","MGG622","MGG642","MGG824","MGG826","MGG830","MGG832","MGG834","MGG852","MGG873","MGG879","MGG916","MGG1003","MGG1007","MGG1114","MGG1142","MGG1145","MGG1146","MGG1150","MGG1152","MGG1236","MGG1277","MGG1337","MGG1440","MGG1761","MGG1762","MGG1788","MGG1846","MGG1850","MGG1866","MGG1900","MGG1901","MGG2504","MGG2510","MGG2539","MGG2542","MGG2552","MGG2561","MGG2564","MGG2588","MGG2614","MGG2647","MGG2649","MGG2665","MGG2674","MGG2688","MGG2739","MGG2767","MGG2864","MGG2914","MGG2928","MGG2937","MGG2939","MGG2970","MGG3090","MGG3094","MGG3095","MGG3098","MGG3154","MGG3155","MGG3164","MGG3166","MGG3261","MGG3262"
"1","Acidaminococcus",0,0,0,0,0,0,0,0,0,0,0,1.256934,0,0,0,0,0,0,0,0,0,0,0,0,0,0,0,0,0,0,0,0,0,0,0,0,0,0,0,0,0,0,0,0,0,0,0,0,0,0,0,0,0,0,0,0,0,0,0,0,0,0,0,0,0,0,0,0,0,0,0,0,0,0
"2","Agathobacter",0,3.788708,0,1.728917,2.855366,0,0,0,3.377903,0,0,3.927251,0,0,1.34819,0,0,0,0,0,0,0,0,10.561291,14.658932,1.477385,0,4.999161,5.246853,0,3.881909,1.426893,0,0,0,6.046448,0,0,1.549596,1.723191,0,0,2.369453,0,3.299416,2.255094,7.151263,2.013853,4.730131,4.773932,1.332152,8.391679,0,0,2.449079,2.601913,7.93704,0,3.269021,4.802164,0,0,0,0,9.476929,5.327281,0,1.972072,0,0,1.340275,2.772793,10.6547,0
"3","Akkermansia",10.01508,0,4.191403,5.439646,0,0,0,0,0,0,16.898027,0,7.853325,0,0,3.691202,0,0,0,0,0,0,0,0,0,0,0,10.59699,2.334833,1.402017,0,0,5.966302,4.963328,0,0,0,0,0,2.708362,0,5.09619,0,3.753203,5.996749,1.218094,0,4.083291,0,5.571672,5.347061,0,5.328945,0,0,0,1.540459,0,1.062278,0,0,0,0,0,0,0,3.268029,0,0,0,1.883498,0,0,0
"4","Alistipes",4.153982,2.619964,0,4.569108,0,6.539296,0,1.099567,12.979303,2.226268,2.546707,4.688167,0,3.217433,0,10.215229,1.527408,0,6.025605,3.373028,0,6.19502,3.644847,0,2.250428,0,7.376315,13.24344,2.087002,5.843245,5.262268,0,0,3.224583,8.511525,2.844184,1.526352,4.595442,3.956752,3.175203,5.191567,6.158979,2.610936,6.107011,16.430851,6.41644,0,6.058663,4.72743,2.595779,3.40603,3.144603,6.645391,0,0,0,2.516227,5.209184,5.054552,3.126451,1.558675,4.241559,0,0,2.348521,4.475857,1.678667,1.957823,13.598132,1.046095,2.067806,4.871976,0,1.91749
"5","Alloprevotella",0,0,0,0,1.249223,0,0,0,1.575272,4.973382,0,0,0,0,0,0,0,0,0,0,0,0,0,0,0,0,0,0,0,0,0,0,0,0,0,0,0,0,0,1.997803,0,0,7.233153,0,0,0,0,0,0,0,0,0,0,2.950385,0,6.501936,0,0,0,0,0,0,4.968804,4.093915,0,2.1168,2.404276,0,0,0,0,0,3.601272,0
"6","Anaerofilum",0,0,0,0,0,0,0,0,0,0,0,0,0,0,0,0,0,0,0,0,0,0,0,0,0,0,0,0,0,0,0,0,0,0,0,0,1.122318,0,0,0,0,0,0,0,0,0,0,0,0,0,0,0,0,0,0,0,0,0,0,0,0,0,0,0,0,0,0,0,0,0,0,0,0,0
"7","Anaeroplasma",0,0,0,0,0,0,0,0,0,0,0,0,0,0,0,0,0,0,0,0,0,0,0,0,0,0,0,0,0,0,0,1.464663,0,0,0,0,0,0,0,0,0,0,0,0,0,0,7.287046,0,0,0,0,0,0,0,0,0,0,0,0,0,0,0,0,0,0,0,0,0,0,0,0,0,0,0
"8","Anaerostipes",0,0,1.567324,0,0,0,0,0,0,0,0,0,0,0,0,0,0,0,0,0,0,0,0,0,0,0,0,0,0,0,0,0,0,2.206626,0,0,0,0,0,0,0,0,0,0,0,0,0,0,0,0,0,0,0,0,0,0,0,0,0,0,0,0,0,0,0,0,1.869837,0,0,0,0,0,0,0
"9","Asteroleplasma",0,0,0,0,0,0,0,0,0,0,0,0,0,0,0,0,0,0,0,0,0,0,0,0,0,0,0,0,0,0,0,0,0,0,0,9.027044,0,0,0,0,0,0,0,0,0,0,0,0,0,0,0,0,0,0,0,0,0,0,0,0,3.274373,0,0,0,0,0,0,0,0,0,0,0,0,0
"10","Bacteroides",8.968048,22.548639,22.355735,16.177901,3.880161,15.294519,31.768836,42.021408,30.720511,15.703717,15.342866,22.591025,0,45.341748,30.260823,54.767349,56.094077,51.854733,47.65888,20.643432,12.604529,47.368748,24.550387,27.938768,32.27301,33.222214,26.564249,22.133945,35.81817,35.746913,25.415516,5.673997,12.470579,44.783763,25.229103,12.502131,32.023464,38.7757,37.206149,16.32569,23.398951,15.536289,7.228291,17.452548,15.154434,18.704131,27.803929,21.425517,7.339673,21.919076,21.54323,17.631227,30.630631,1.149214,30.358875,12.687884,13.289701,19.699307,25.669317,38.005749,11.951,24.665715,2.357562,14.823441,17.80368,18.771315,9.29616,13.958393,15.283729,16.120697,17.679013,24.583576,11.059843,5.815417
"11","Barnesiella",0,0,0,4.739325,0,3.586066,3.637383,0,1.573468,1.981978,0,0,0,0,0,0,0,0,0,0,0,0,0,0,0,0,0,0,1.203287,2.279408,1.008508,0,0,0,3.91905,0,0,1.005419,1.035412,1.647673,2.96775,0,0,1.729297,0,4.830439,1.910021,1.389602,0,4.971491,1.335843,3.747622,1.26658,0,0,0,0,5.953353,2.80466,0,1.147647,1.11574,0,0,1.581736,2.5872,0,0,0,0,0,0,0,0
"12","Bifidobacterium",0,0,0,0,2.319985,0,1.708065,0,0,0,1.983092,2.193856,12.296575,4.523696,4.212654,0,0,6.810975,0,0,1.027488,4.547574,2.580743,17.204225,0,0,0,1.611369,7.363204,6.426665,10.107612,0,5.402174,2.045397,0,1.456195,2.080029,1.876693,0,0,0,0,0,0,0,1.944376,0,2.980161,1.63434,0,5.642275,0,1.605665,0,11.909958,0,4.402856,1.182805,1.354045,4.108488,0,1.785766,0,0,11.249398,0,0,3.99259,0,2.104693,2.39277,1.133635,0,0
"13","Bilophila",0,0,0,0,0,0,0,0,0,0,0,0,0,0,0,0,1.897946,0,0,0,0,0,0,0,0,0,0,1.275667,0,0,0,0,0,0,0,0,0,0,1.429854,0,0,0,0,0,0,0,0,0,0,0,0,0,1.253283,0,0,0,0,0,0,0,0,0,0,0,0,0,0,0,0,0,0,0,0,0
"14","Blautia",0,0,0,0,0,0,0,0,0,0,0,1.674726,1.06005,0,0,0,0,0,0,0,0,0,0,0,1.257592,1.598606,1.827289,0,0,0,1.808553,0,0,1.514289,0,0,3.223296,0,0,0,2.072239,1.362447,1.011312,0,1.204166,1.404907,0,0,0,0,0,0,1.000632,0,3.839315,0,1.96019,6.78525,1.783476,1.538228,1.107237,0,1.239018,0,1.105866,0,1.033992,0,1.644789,1.096107,0,0,1.105703,1.549487
"15","Butyricimonas",0,0,0,1.257173,0,0,0,0,0,0,0,0,0,0,0,0,0,0,0,0,0,1.799758,2.207722,0,0,0,0,0,0,0,0,0,0,0,2.381283,0,0,1.043936,1.331244,1.400522,0,1.366442,0,0,0,0,0,0,0,0,0,1.187826,2.22732,0,0,0,0,0,0,0,0,0,0,0,0,0,0,0,1.178898,0,0,0,2.090426,0
"16","CAG-873",0,0,0,0,0,0,0,0,0,0,0,0,0,0,0,0,0,0,0,0,0,0,0,0,0,0,0,0,0,0,0,0,0,0,0,0,0,0,0,0,0,0,0,0,0,0,0,0,0,0,0,0,0,0,0,0,0,0,0,0,0,0,0,0,0,0,5.492297,0,0,0,0,0,0,2.513074
"17","Catenibacterium",0,0,0,0,0,0,0,0,0,0,0,0,0,0,0,0,0,0,0,0,0,0,0,0,0,0,0,0,0,0,0,0,2.084656,0,0,0,0,0,0,0,0,0,0,0,0,0,0,0,0,0,0,0,0,5.123577,0,3.47586,0,0,0,0,0,0,0,0,0,0,0,0,0,0,0,0,1.617759,2.379915
"18","Catenisphaera",0,0,0,0,0,0,0,0,0,0,1.278572,0,0,0,0,0,0,0,0,1.264418,0,0,0,0,0,0,0,0,0,0,0,0,0,0,0,0,0,0,0,0,0,0,0,0,0,0,0,0,0,0,0,0,0,0,0,0,0,0,0,0,0,0,0,0,0,0,0,0,0,0,0,0,0,0
"19","Christensenellaceae_R-7_group",5.511139,0,1.902161,2.15446,0,1.400273,0,0,1.809849,4.302736,0,1.568056,0,0,0,0,0,0,0,3.08498,3.011252,0,2.716387,0,0,0,0,0,5.889258,6.779431,0,3.428739,1.075952,0,0,0,0,0,0,0,0,2.930659,0,2.261742,0,1.957719,0,4.11322,3.160625,2.228168,0,0,0,2.29106,0,0,2.712029,0,2.897121,0,0,0,1.158702,3.937503,3.85512,0,3.727115,0,4.731461,4.713678,0,0,0,0
"20","Cloacibacillus",0,0,0,0,0,0,0,0,0,0,0,0,0,0,0,0,0,0,0,0,0,0,0,0,0,0,0,0,0,0,0,0,0,0,0,0,0,0,0,0,0,0,0,0,6.105124,0,0,0,0,0,0,0,0,0,0,0,0,0,0,0,0,0,0,0,0,0,0,0,0,0,0,0,0,0
"21","Clostridium_sensu_stricto_1",0,0,0,0,0,0,0,0,0,0,0,0,0,0,0,0,0,0,0,0,0,0,0,0,0,0,0,0,0,0,0,0,0,0,0,0,0,0,0,0,0,0,0,0,0,0,1.222051,0,0,0,0,0,0,0,0,0,0,0,0,0,0,0,0,0,0,0,0,0,0,0,2.454206,0,0,0
"22","Colidextribacter",0,0,0,0,0,0,0,0,0,0,0,0,0,0,0,0,0,0,0,0,0,0,0,0,0,0,0,0,0,0,0,0,0,0,0,0,1.969293,0,0,0,0,0,0,0,0,0,0,0,0,0,0,0,0,0,0,0,0,0,0,0,0,0,0,0,0,0,0,0,0,0,0,0,0,0
"23","Collinsella",0,0,0,0,0,0,0,1.025514,0,0,0,3.205447,0,0,0,0,0,0,0,0,0,0,0,0,6.825261,0,0,0,0,0,1.093019,0,1.707326,1.036925,0,0,0,1.670828,0,4.084855,0,0,0,0,3.082666,3.419814,0,1.654695,0,0,1.413336,0,2.58635,0,6.381345,0,0,0,0,1.219512,1.584076,0,0,2.443088,0,0,2.021936,0,3.112743,1.729599,3.037848,2.870106,7.590806,1.268642
"24","Coprobacter",6.575241,0,0,2.069351,0,0,0,0,0,0,0,0,0,0,0,0,0,0,0,0,0,0,0,0,0,1.886507,0,0,0,0,1.031044,0,0,1.147572,0,0,1.574238,0,0,0,0,0,0,0,0,0,0,0,1.080555,0,0,0,0,0,0,0,0,0,0,0,0,0,0,0,1.121279,0,1.332608,0,0,0,0,0,0,0
"25","Coprococcus",1.032805,0,0,3.243848,3.16632,0,0,0,0,1.348206,1.215948,0,0,0,0,0,0,0,0,0,0,0,0,0,0,0,0,0,0,0,0,1.762632,0,0,0,0,0,0,0,1.297542,0,5.353897,5.42608,0,0,0,2.570834,1.5307,1.296666,4.756427,1.645817,0,0,1.871155,1.422567,0,4.602986,0,6.149705,0,2.856417,0,2.692537,3.11974,0,0,0,0,0,2.467283,0,0,0,1.912648
"26","Desulfovibrio",0,2.185657,0,0,0,0,0,0,1.99751,0,0,0,0,0,0,0,0,0,0,1.677162,0,0,0,0,0,0,0,0,0,0,0,0,0,0,0,0,0,0,0,0,0,0,0,0,0,0,0,0,0,0,0,1.885952,2.473322,0,0,0,0,0,0,0,0,0,1.365368,3.556674,0,0,0,0,0,0,0,0,0,0
"27","Dialister",0,7.407931,0,0,12.792364,0,1.362912,3.897852,0,0,3.496503,0,2.541133,0,3.936434,0,2.183628,0,0,2.611135,3.572809,0,0,3.715438,0,0,0,0,0,1.976392,0,3.756085,3.42586,1.311963,0,0,0,0,0,0,0,1.404399,0,0,0,0,3.883407,1.941166,2.668972,0,1.985313,0,0,0,0,0,0,0,0,0,5.468064,0,0,0,4.510163,0,0,0,0,0,2.376603,0,1.221056,0
"28","Dorea",0,0,0,0,0,0,0,0,0,0,0,0,0,0,1.008498,0,0,0,0,0,0,0,0,0,0,3.091143,0,0,0,0,0,0,0,0,0,0,0,0,0,0,0,0,0,0,0,0,0,0,0,0,0,0,0,0,1.349822,0,0,1.276583,0,0,0,0,0,0,0,0,0,0,0,1.575394,0,0,0,0
"29","Elusimicrobium",0,0,0,0,0,0,0,0,0,0,0,0,0,0,0,0,0,0,0,0,0,0,0,0,0,0,0,0,0,0,0,0,0,0,0,0,0,0,0,0,0,0,0,0,0,0,0,0,0,0,0,0,0,4.269034,0,0,0,0,0,0,0,0,0,0,0,0,0,0,0,0,7.120107,0,0,2.300019
"30","Enterobacter",0,0,0,0,1.127545,0,0,0,0,0,0,0,0,0,0,0,0,0,0,0,0,0,0,0,0,0,0,0,0,0,0,0,0,0,0,0,0,0,0,0,0,0,0,0,0,0,0,0,0,0,0,0,0,0,0,0,0,0,0,0,0,0,0,0,0,0,0,0,0,0,0,0,0,0
"31","Erysipelatoclostridium",0,0,0,0,0,0,0,0,0,0,0,0,0,0,0,0,0,0,0,0,0,0,0,0,0,0,0,1.72327,0,0,1.031044,0,0,0,0,0,0,0,0,0,0,0,0,0,0,0,0,0,0,0,0,0,0,0,0,0,0,0,0,0,0,0,0,0,0,0,0,0,0,0,0,0,0,0
"32","Erysipelotrichaceae_UCG-003",0,0,0,0,0,0,0,0,0,0,0,0,0,0,3.713107,0,0,0,0,0,0,3.873053,1.130756,0,5.139386,2.795666,2.000784,0,0,0,0,0,0,0,0,0,0,0,0,1.815873,0,1.270552,0,0,2.486604,0,0,0,0,0,0,1.147355,0,0,1.859037,0,1.036348,0,0,1.406992,3.901307,2.502403,2.96091,1.807239,1.444948,1.585248,0,1.444856,0,1.125281,0,2.355736,0,0
"33","Escherichia/Shigella",0,0,0,0,0,0,1.029559,0,0,0,0,0,0,0,0,0,0,0,0,0,0,0,0,0,0,0,0,0,0,0,1.656431,0,2.973811,2.554375,0,0,4.426421,3.384158,0,0,1.084984,0,0,0,0,0,0,0,8.825436,0,0,0,0,0,0,0,0,0,0,3.070207,0,0,0,0,0,0,2.486604,1.564548,0,0,0,0,1.938497,0
"34","Faecalibacterium",4.145446,10.105575,14.155782,5.310767,9.699051,10.167551,9.386984,8.513789,6.465292,7.388629,8.297672,2.430309,10.215295,5.918076,8.599269,6.598432,5.286531,7.889063,3.675469,4.682337,2.356101,7.783407,3.099932,4.485582,8.721383,3.901811,3.956794,0,3.551164,10.126182,4.507296,11.515864,2.80943,0,5.762288,3.403472,8.954599,5.090846,6.75659,8.90773,6.0791,12.210081,10.409711,7.57699,0,9.986847,6.721282,8.752352,8.163596,6.752026,11.819624,10.785544,2.330375,5.808685,10.079211,7.706103,11.08611,12.185014,9.048881,8.93565,8.237889,13.964226,6.651518,4.483245,8.505924,6.665569,5.243916,8.084924,2.62078,9.210636,9.278451,10.66274,15.266016,3.842243
"35","Faecalitalea",0,0,0,0,0,0,0,0,0,0,0,0,0,0,0,0,0,0,0,0,0,0,0,0,0,0,0,1.31763,0,0,0,0,0,0,0,0,0,0,0,0,0,0,0,0,0,0,0,0,0,0,0,0,0,0,0,0,0,0,0,0,0,0,0,0,0,0,0,0,0,0,0,0,0,0
"36","Flavonifractor",0,0,0,0,0,0,0,0,0,0,0,0,0,0,0,0,0,0,0,0,0,0,0,0,0,0,0,0,0,0,0,0,0,0,0,0,2.127914,0,0,0,0,0,0,0,0,0,0,0,0,0,0,0,0,0,0,0,0,0,0,0,0,0,0,0,0,0,0,0,0,0,0,0,0,0
"37","Fusicatenibacter",0,0,0,0,0,0,0,0,0,0,0,0,1.887187,0,0,0,0,0,0,0,0,0,0,0,0,0,0,0,0,0,1.166263,0,0,0,0,0,0,0,0,0,0,0,0,0,0,0,0,0,0,0,0,0,1.0372,0,0,0,1.080701,0,0,0,0,0,0,0,0,0,0,0,0,0,0,0,0,0
"38","Haemophilus",0,0,0,0,1.243815,0,0,0,0,0,0,0,2.502314,0,9.646555,0,0,0,0,0,0,0,1.054749,0,0,0,0,0,0,0,0,0,0,0,0,0,0,0,0,0,0,0,0,0,0,0,0,0,0,0,0,0,0,0,0,0,0,0,0,0,0,0,0,0,0,1.088976,0,0,0,0,0,0,0,0
"39","Holdemanella",0,0,0,0,0,0,0,0,0,1.311332,0,0,0,0,2.382548,0,0,0,0,0,0,0,0,0,0,7.894537,0,0,0,0,0,0,1.987522,0,0,0,0,0,0,1.723191,0,0,0,0,5.71979,0,0,0,2.282673,0,2.97797,0,5.308999,0,0,0,4.317395,0,0,0,0,0,1.937373,2.710009,0,0,5.1881,0,0,0,0,0,2.219846,0
"40","Hungatella",0,0,2.284493,0,0,0,0,0,0,0,0,0,0,0,0,0,0,0,0,0,0,0,0,0,0,0,0,0,0,0,0,0,0,0,0,0,0,0,0,0,0,0,0,0,0,0,0,0,0,0,0,0,0,0,0,0,0,0,0,0,0,0,0,0,0,0,0,0,0,0,0,0,0,0
"41","Incertae_Sedis",0,0,0,0,0,0,0,1.115275,0,0,0,0,0,0,0,0,0,0,0,0,0,0,0,0,0,0,0,0,0,0,0,0,0,0,0,0,1.544309,0,0,0,0,0,0,0,0,0,0,0,0,0,0,0,0,0,0,0,0,0,0,0,0,0,0,0,0,0,0,0,0,0,0,0,0,0
"42","Intestinibacter",0,0,0,0,0,0,0,0,0,0,0,0,0,0,0,0,0,0,0,0,0,0,0,0,0,0,0,0,0,0,0,0,0,0,0,0,0,0,0,0,0,0,0,0,0,0,0,0,0,1.460438,0,0,0,0,0,0,0,0,0,0,0,0,0,0,0,0,0,0,0,0,0,0,0,0
"43","Klebsiella",0,0,0,0,0,0,0,0,0,0,0,0,0,0,0,0,0,0,0,0,0,0,0,0,0,0,0,0,0,0,0,0,0,0,0,0,0,0,0,0,0,0,0,0,0,0,0,0,0,0,0,0,2.483295,0,0,0,0,0,0,0,0,0,0,0,0,0,0,0,0,0,4.646501,0,0,0
"44","Lachnoclostridium",0,0,0,0,1.481762,0,0,3.893364,0,0,0,0,0,1.132412,0,1.518946,1.377496,1.527079,0,0,0,0,0,0,1.18751,0,1.698567,6.775583,0,0,1.752211,0,0,3.762013,0,0,3.866758,1.456994,0,0,0,0,1.47321,0,0,1.366782,0,0,0,0,0,1.531831,0,0,1.442774,0,0,0,0,0,0,1.185656,1.159681,0,0,0,0,0,0,0,0,0,0,0
"45","Lachnospira",1.038495,2.115038,2.063643,0,3.336668,0,1.244911,2.854386,0,2.288493,2.41624,1.541388,2.908418,3.874732,1.43517,0,2.97279,0,1.085911,1.114783,0,2.754033,3.980449,1.904592,5.151067,1.303129,0,0,3.163112,4.585953,0,1.028202,1.453282,2.576505,0,0,0,0,2.507528,3.116847,3.418497,0,1.970763,0,3.377687,2.401876,6.32751,1.526424,1.564104,3.883665,4.125613,2.810717,0,1.105013,5.81151,3.49294,2.562743,0,2.827262,5.192301,3.698102,5.928278,2.944259,1.321002,5.207591,0,0,1.883728,1.231041,2.954905,6.555866,2.614817,0,3.454871
"46","Lachnospiraceae_ND3007_group",0,0,0,0,0,0,0,0,0,0,0,0,0,0,0,0,0,0,0,0,0,0,0,0,0,3.856353,1.329192,0,0,0,0,0,0,0,0,0,0,0,0,0,0,1.783966,0,0,0,1.29625,0,0,0,1.730519,1.003727,0,0,0,1.814581,0,0,0,1.167067,0,0,0,0,0,0,0,0,0,0,0,0,0,0,0
"47","Lachnospiraceae_NK4A136_group",0,0,0,0,0,1.677515,0,0,1.111532,6.558964,2.786765,0,0,0,0,2.720311,0,0,1.754087,1.153438,4.028566,0,1.058257,0,0,0,2.722745,1.144184,0,0,0,0,0,0,0,0,0,0,2.923101,3.261019,0,0,2.406729,2.669899,0,1.263844,2.018648,0,0,0,0,0,0,1.226565,0,3.120018,1.156426,5.076081,1.208161,1.261472,1.596776,0,5.967854,3.264251,0,1.613472,0,0,1.491759,1.125281,0,1.268862,0,1.367906
"48","Lachnospiraceae_UCG-003",0,0,0,0,0,0,0,0,0,0,0,0,0,0,0,0,0,0,1.232169,0,0,0,0,0,0,0,0,0,0,0,0,0,0,0,0,0,0,0,0,0,0,0,0,0,0,0,0,0,0,0,0,0,0,0,0,0,0,0,0,0,0,0,0,0,0,0,0,0,0,0,0,0,0,1.266221
"49","Lachnospiraceae_UCG-004",0,0,0,0,0,0,0,0,0,0,0,0,1.812535,0,0,0,0,0,1.271237,0,0,0,0,0,0,0,0,0,0,0,0,0,0,0,0,0,0,0,0,0,0,0,0,0,0,0,0,0,0,0,0,0,0,0,0,0,0,0,0,0,0,0,0,0,0,0,0,0,0,0,0,0,0,0
"50","Lactobacillus",0,0,0,0,0,0,0,0,0,0,0,0,0,0,0,0,0,0,0,0,0,0,0,0,0,0,0,0,0,0,0,0,2.506818,0,0,0,0,0,0,0,0,0,0,0,0,0,0,0,0,0,0,0,0,0,0,0,0,0,0,0,0,0,0,0,0,0,0,0,0,0,1.9223,0,0,0
"51","Marvinbryantia",0,0,0,0,0,0,0,0,0,0,0,0,0,0,1.240053,0,0,0,0,0,0,0,0,0,0,0,0,0,0,0,0,0,0,0,0,0,0,0,0,0,0,0,0,0,0,0,0,0,0,0,0,0,0,0,0,0,0,0,0,0,0,0,0,0,0,0,0,0,0,0,0,0,0,0
"52","Megamonas",0,0,0,0,0,0,0,0,0,0,0,0,0,0,0,0,3.853878,0,0,0,1.055973,0,0,0,0,0,0,0,0,0,19.49969,0,0,0,0,0,0,0,0,0,0,0,0,0,0,0,0,0,0,0,0,0,0,0,0,0,0,0,0,0,0,5.479652,0,0,0,0,0,0,0,1.208635,2.206845,0,0,0
"53","Megasphaera",0,0,0,0,0,0,0,0,0,0,1.283791,0,0,0,0,0,0,0,0,0,0,0,0,0,0,0,0,0,0,0,0,0,0,0,0,0,0,0,0,0,0,0,0,0,0,0,0,0,0,0,0,0,0,0,0,0,0,0,0,0,0,0,0,0,0,0,0,0,0,0,0,0,0,0
"54","Methanobrevibacter",0,0,0,0,0,0,0,0,0,0,0,0,0,0,0,0,0,0,0,0,1.017315,0,0,0,0,0,0,0,0,0,0,0,0,0,0,0,0,0,1.797883,0,0,0,0,2.430529,0,0,0,0,0,1.595479,0,0,0,0,0,0,0,0,0,0,0,0,0,0,0,0,0,0,0,0,0,0,0,0
"55","Mitsuokella",0,0,0,0,0,0,0,0,0,0,0,0,0,0,2.44837,0,0,0,0,0,1.936967,0,0,0,0,0,0,0,0,0,0,0,0,0,0,0,0,0,0,0,0,0,0,0,0,0,0,0,0,0,0,0,0,0,0,0,0,0,0,0,0,0,0,0,0,0,0,0,0,0,0,0,2.712208,0
"56","Monoglobus",0,0,0,0,0,0,0,0,1.010484,0,2.050934,0,4.846367,2.375566,0,0,1.032415,0,1.774122,0,1.053938,0,0,0,0,0,0,0,0,0,0,0,0,0,0,0,0,0,0,0,0,0,0,0,0,0,0,1.83855,0,1.673002,1.166095,0,0,0,1.826705,0,1.101255,1.321959,1.349935,0,0,0,0,0,0,0,0,0,0,0,0,0,0,0
"57","NK4A214_group",4.333229,0,0,0,0,0,0,0,0,0,0,1.470274,0,0,0,0,0,0,0,0,1.076319,0,0,0,0,0,0,0,0,0,0,0,0,0,2.176479,0,0,0,0,0,0,0,0,0,0,0,0,0,1.664055,0,0,0,0,0,0,0,0,3.230783,0,0,0,0,0,0,0,0,0,0,0,0,0,0,0,0
"58","Negativibacillus",0,0,0,0,0,0,0,0,0,0,0,0,0,0,0,0,0,0,0,0,0,0,0,0,0,0,0,0,0,0,0,0,0,0,0,0,0,0,0,0,0,0,0,0,0,0,0,0,0,0,0,0,0,0,0,0,0,0,0,0,0,0,0,0,0,0,0,0,1.617584,0,0,0,0,0
"59","Odoribacter",0,0,0,2.098531,0,0,0,0,0,0,0,0,0,0,0,0,0,0,2.473353,0,0,0,0,0,0,0,0,1.174957,0,0,0,0,0,0,1.704388,0,1.687966,0,0,0,0,1.288531,0,0,0,1.690844,0,1.86848,0,0,0,0,0,0,0,0,0,2.544091,0,0,0,1.303639,0,0,0,0,0,0,0,0,0,0,0,0
"60","Oscillibacter",0,0,0,0,0,0,0,1.797455,0,0,0,0,0,0,0,0,0,0,0,0,0,0,0,0,0,0,0,1.435126,0,1.284429,0,0,0,0,0,0,1.658037,0,0,0,0,0,1.246313,0,0,0,0,0,0,0,0,0,0,0,0,0,0,0,0,0,0,0,0,0,0,0,0,0,0,0,0,0,0,0
"61","Parabacteroides",1.149458,1.588927,0,5.400739,0,4.920042,7.442917,3.464758,2.775221,1.244498,3.141634,6.782463,0,1.740891,0,0,0,0,0,1.036224,1.029522,1.482702,8.145654,8.829951,0,0,3.802888,6.157332,0,0,0,0,2.80943,5.488113,5.495001,1.729018,8.323108,2.397333,0,3.782782,1.194679,4.786543,1.244692,1.957926,0,6.833908,2.27211,3.052848,1.126479,0,0,5.894613,3.201356,0,0,0,1.422544,1.53674,4.686762,0,1.213458,4.815451,0,2.21357,0,6.837265,3.175932,2.473639,1.288853,1.371176,1.220636,1.004727,1.583997,0
"62","Paraprevotella",0,1.663077,5.580622,6.677366,0,0,0,3.410901,0,0,1.163762,1.256934,0,0,0,0,0,0,0,1.875429,1.114977,0,10.824622,0,0,0,0,0,0,0,0,0,0,0,0,0,0,0,0,2.385693,1.806977,0,0,4.103052,0,0,0,0,2.382625,0,0,0,0,0,1.818623,0,1.700563,0,0,0,1.092227,0,0,0,2.157788,4.325329,0,0,0,0,0,0,1.04662,0
"63","Parasutterella",0,0,0,0,0,0,5.404449,0,2.547863,0,0,0,7.029174,0,1.203616,0,2.211914,6.392424,1.855265,0,0,1.091045,1.675671,0,0,1.037957,5.593799,3.410172,1.431553,1.913075,0,0,0,0,0,0,9.373597,0,5.099579,0,0,0,0,0,2.287916,0,0,0,0,0,0,4.690599,1.901533,0,3.208859,0,0,1.845298,1.419795,0,0,3.127276,0,0,1.992101,0,0,0,1.328527,0,0,0,0,0
"64","Phascolarctobacterium",2.276154,0,3.528853,5.833577,0,9.651238,1.416013,0,2.470272,5.860662,0,5.356635,0,2.514884,0,0,0,0,4.007052,0,0,0,2.089619,0,2.10637,3.121449,3.290799,4.976781,0,0,0,0,0,0,7.820744,6.994509,0,4.329809,9.389142,6.34354,2.80221,0,2.022625,1.571251,1.758083,2.65922,0,0,0,2.008102,0,1.760492,5.621489,4.003831,1.911575,3.085857,1.103418,0,2.373174,0,0,0,6.0658,2.604601,0,6.343345,2.256363,10.407524,4.211159,2.74652,0,3.17342,0,0
"65","Prevotella",0,6.733519,1.303728,4.136271,22.861855,11.157988,0,0,0,5.994331,0,0,0,0,0,0,0,0,0,8.362117,14.895522,0,0,0,0,0,8.884598,0,0,0,0,18.948296,0,0,2.87073,32.145415,0,0,0,2.629411,1.426036,5.09619,28.778646,0,0,0,0,0,12.566859,0,0,0,0,18.04118,0,21.518447,0,0,0,0,10.318432,0,17.770356,7.676091,0,13.813298,3.81363,23.288686,0,16.620822,1.398477,0,5.821118,30.665311
"66","Prevotellaceae_NK3B31_group",0,0,0,0,0,0,0,0,0,0,0,0,0,0,0,0,0,0,0,0,0,0,0,0,0,0,0,0,0,0,0,0,0,0,0,0,0,0,0,0,0,0,0,9.774286,4.672166,0,0,0,0,0,0,1.428629,0,1.001879,0,0,0,0,0,0,0,0,0,0,0,0,0,0,0,0,0,0,0,0
"67","Prevotellaceae_UCG-001",0,0,0,0,0,0,0,0,0,0,0,0,5.736212,0,0,0,0,0,0,1.093584,0,0,0,0,0,0,0,0,0,0,0,0,0,0,0,0,0,0,0,0,0,0,0,0,0,0,0,0,0,0,0,0,0,0,0,0,0,0,0,0,0,0,0,0,0,0,0,0,0,0,0,0,0,0
"68","Pseudoscardovia",0,0,0,0,0,0,0,0,0,0,0,0,0,0,0,0,0,0,0,0,0,0,0,0,0,0,0,0,1.105459,0,0,0,0,0,0,0,0,0,0,0,0,0,0,0,0,0,0,0,0,0,0,0,0,0,0,0,0,0,0,0,0,0,0,0,0,0,0,0,0,0,0,0,0,0
"69","Raoultella",0,0,0,0,0,0,0,0,0,0,0,0,0,0,0,0,0,0,0,0,1.296059,0,0,0,0,0,0,0,0,0,0,0,0,0,0,0,0,0,0,0,0,0,0,0,0,0,0,0,0,0,0,0,0,0,0,0,0,0,0,0,0,0,0,0,0,0,0,0,0,0,0,0,0,0
"70","Rikenellaceae_RC9_gut_group",2.557829,0,0,0,0,0,0,0,0,0,0,0,0,0,0,0,0,0,0,0,0,0,0,0,0,0,0,0,0,0,0,0,6.022341,0,0,0,0,0,0,0,0,0,0,0,0,0,0,0,0,0,2.096018,0,0,1.075546,0,3.726372,0,0,0,0,0,0,1.879585,1.326102,0,0,3.153606,0,0,0,0,0,1.156346,1.302537
"71","Romboutsia",0,0,0,0,2.084742,0,0,0,0,0,0,0,0,0,0,0,0,0,0,0,0,0,0,0,0,0,0,0,0,0,0,0,0,0,0,0,0,0,0,0,0,0,0,0,0,0,0,0,0,0,0,0,0,0,0,0,0,0,0,0,0,0,0,0,0,0,0,0,0,0,0,0,0,0
"72","Roseburia",0,0,0,0,1.492578,0,3.498731,3.796872,0,0,2.985075,0,2.995013,0,4.239689,3.578688,1.015444,0,2.816958,1.390361,0,0,0,0,4.971967,0,0,0,3.019631,1.397494,0,0,0,1.084345,0,0,0,9.724805,2.106042,1.936015,0,0,1.432693,0,0,0,3.113968,0,0,0,0,0,0,0,0,2.069574,1.319775,0,1.04995,1.271292,8.623516,0,0,0,0,0,0,2.633229,0,0,1.725058,3.207542,0,1.447802
"73","Ruminococcus",0,0,0,0,0,0,0,0,0,0,0,3.301451,0,0,0,0,1.038072,0,0,7.640127,0,0,0,5.871603,0,2.197136,2.412133,0,0,0,0,10.122545,0,0,3.110247,0,0,0,1.074152,0,11.254712,1.582196,0,3.946541,0,1.984407,6.137413,4.121772,1.023826,1.850555,0,0,0,1.189731,0,2.749943,2.943531,2.764921,1.372537,0,1.111855,1.603694,0,0,2.47953,0,1.194463,0,7.26269,1.337834,1.529433,2.46316,0,1.188747
"74","Senegalimassilia",0,0,0,0,0,0,0,0,0,0,0,0,0,0,0,0,0,0,0,0,0,0,0,0,0,0,0,0,0,0,0,0,0,0,0,0,0,0,0,0,0,1.200631,0,0,0,0,0,0,0,0,0,0,0,0,0,0,0,0,0,0,0,0,0,0,0,0,0,0,1.521231,0,0,1.093193,0,0
"75","Streptococcus",0,0,0,0,1.430387,0,0,0,0,0,0,0,2.812864,0,0,0,0,0,0,0,0,0,0,0,0,0,0,0,0,0,2.208575,0,0,0,0,0,0,0,0,0,1.954566,0,0,0,0,1.103719,0,0,0,2.063119,0,0,0,0,2.36421,0,0,0,0,0,0,2.748565,0,0,4.020807,0,0,3.633514,0,0,8.352061,0,5.981487,0
"76","Subdoligranulum",0,1.603051,0,2.883961,1.251927,1.749839,4.47519,0,2.309677,1.495702,3.204258,6.01088,0,2.577995,3.121878,1.549797,2.115744,0,1.337354,0,1.42831,2.169656,6.709699,0,1.370503,4.66702,4.592008,0,3.110937,1.108046,0,0,1.632607,0,0,1.207243,0,1.268395,2.208174,1.280379,1.206646,2.848752,2.700075,3.931196,3.805166,3.276845,1.656558,3.014366,2.971527,3.556067,3.867301,1.428629,0,2.615198,2.934045,0,2.082432,5.233385,4.312807,4.109381,1.276959,0,0,1.42981,4.86273,0,1.717738,0,1.176631,3.192465,0,4.638172,1.845652,5.863839
"77","Succinivibrio",0,0,0,0,0,0,0,0,0,0,0,0,0,0,0,0,0,0,0,0,0,0,0,0,0,0,0,0,0,0,0,0,0,0,0,0,0,0,0,0,0,0,0,0,0,0,0,0,0,0,0,0,0,10.807028,0,0,0,0,0,0,0,0,0,0,0,0,0,0,0,0,0,0,0,0
"78","Sutterella",0,0,1.899786,3.073631,1.157288,3.162167,0,0,0,1.037081,0,0,0,1.001429,0,0,0,0,0,1.508822,0,0,0,2.910882,1.000623,0,0,0,0,0,0,1.179285,0,0,0,2.833953,0,4.880997,0,1.57902,0,0,1.21714,0,0,0,5.562596,2.249017,0,0,4.04443,0,0,2.265277,0,1.878843,0,0,0,1.340928,3.297465,0,6.52027,2.560397,0,1.48176,1.116321,1.048732,0,1.779612,0,0,2.211406,2.605075
"79","UCG-002",2.011551,2.86713,0,0,3.726036,5.554886,1.472063,0,4.348689,3.164251,5.870995,2.268525,0,0,0,0,0,0,1.524683,2.061226,1.764024,1.087936,0,0,0,1.13645,0,0,0,0,0,2.404734,4.546643,0,2.523605,1.210654,0,0,3.402067,3.930386,4.786693,1.572208,1.367865,4.337819,1.402854,3.440782,0,1.462288,4.092604,2.905872,1.675339,4.051155,0,1.414417,0,1.614097,0,3.09768,0,3.293397,1.14072,0,1.467232,2.155766,0,3.095232,2.278689,1.273867,6.252692,2.208886,2.520492,1.943735,1.398306,1.234747
"80","UCG-003",0,0,0,0,0,0,0,0,0,0,0,0,0,0,0,0,0,0,0,0,0,0,0,0,0,0,0,0,0,0,0,0,0,0,0,0,1.861551,0,0,1.235754,0,0,0,0,0,0,0,0,0,0,1.177165,0,0,0,0,0,0,0,0,0,0,0,0,0,0,0,0,0,0,0,0,0,0,0
"81","UCG-004",0,0,0,0,0,0,0,0,0,0,0,0,0,0,0,0,0,0,0,0,0,0,0,0,0,0,0,0,0,0,0,0,0,0,0,0,0,0,0,0,0,0,0,0,0,0,0,0,0,0,0,0,0,1.311282,0,0,0,0,0,0,0,0,1.734625,0,0,0,1.027015,0,0,0,0,0,0,0
"82","UCG-005",3.664609,0,1.683686,0,0,0,0,0,1.510312,1.094697,1.080263,0,0,0,0,0,0,0,0,0,0,0,0,0,0,0,0,0,0,0,0,4.062448,0,0,2.586087,0,0,0,0,0,2.291629,0,0,1.14775,0,0,0,0,0,1.157847,0,1.066413,0,0,0,0,0,1.089028,0,0,0,0,0,0,0,0,1.077249,0,2.304518,0,0,0,0,1.191168
"83","Unclassified",31.152019,21.853042,26.927096,12.078105,9.347538,13.410077,15.464039,13.36086,12.631047,21.910074,17.868698,17.797966,28.277942,13.924744,11.131093,5.720093,9.358206,12.203949,11.126583,25.037721,32.122729,9.318952,13.590121,6.462561,4.228313,16.387605,10.401276,10.521457,15.610122,7.67039,7.831427,24.79436,27.391938,8.086748,17.363232,10.742421,3.995451,6.725814,6.654458,9.553069,15.831987,17.835667,7.463291,13.993954,7.532061,11.04291,3.213542,13.241833,15.160192,10.775733,8.509539,13.375693,8.859413,19.109359,1.616554,9.849693,17.874297,10.657349,6.094228,6.831411,14.127373,12.705742,16.464735,20.382869,9.519314,12.256274,20.296104,11.972072,15.367612,14.157706,3.107367,15.832975,3.184875,12.010943
"84","Veillonella",0,0,0,0,0,0,0,0,0,0,0,0,0,0,0,3.137703,0,3.482856,0,0,0,0,0,0,0,0,0,0,0,0,2.304355,0,0,0,0,0,0,0,0,0,0,0,0,0,0,0,0,0,0,0,0,0,0,0,0,0,0,0,0,0,0,0,0,0,0,0,0,0,0,0,1.896432,0,0,0
